uid_007,Fabrice,Bayoro,1232,XYZ Insurance Company
uid_001,Mabit,Singh,8684,XYZ Insurance Company
uid_004,Derib,Sintayehu,8686,XYZ Insurance Company
uid_007,Fabrice,Bayoro,1232,XYZ Insurance Company
uid_004,Maria,Delgado,5464,ABC Insurance Company
uid_003,Samantha,Brown,1232,XYZ Insurance Company
uid_001,Mabit,Singh,8684,XYZ Insurance Company
uid_004,George,Roberts,9686,XYZ Insurance Company
uid_005,Juan,Martinez,1232,XYZ Insurance Company
uid_006,Alfredo,Duarte,9587,ABC Insurance Company
uid_002,James,Hurst,4587,ABC Insurance Company
uid_004,David,Summer,9901,XYZ Insurance Company
